Pl.;Spieler;G;MIN;PTS;2PM;2PA;2P %;3PM;3PA;3P %;FGM;FGA;FG %;FTM;FTA;FT %;DREB;OREB;TREB;AST;STL;TOV;BLK;PF;FD;EF;+/-
;Team;;;;;;;;;;;;;;;;;;;;;;;;;;
3;MOBLEY M. (SG);21;644:30:00;405;62;128;48.4%;59;145;40.7%;121;273;44.3%;104;120;86.7%;87;13;100;70;26;61;2;41;97;374;8
;FRAPORT SKYLINERS;;;;;;;;;;;;;;;;;;;;;;;;;;
1;MICHALAK M. (SG);19;571:01:00;391;56;110;50.9%;62;147;42.2%;118;257;45.9%;93;117;79.5%;65;13;78;56;12;51;1;27;80;324;-21
;SYNTAINICS MBC;;;;;;;;;;;;;;;;;;;;;;;;;;
4;BELL-HAYNES T. (PG);21;602:56:00;376;82;159;51.6%;26;66;39.4%;108;225;48.0%;134;152;88.2%;60;19;79;163;26;69;2;67;127;442;121
;HAKRO Merlins Crailsheim;;;;;;;;;;;;;;;;;;;;;;;;;;
5;SMITH J. (PG);21;717:33:00;370;83;146;56.8%;46;133;34.6%;129;279;46.2%;66;72;91.7%;101;33;134;112;36;36;7;48;81;467;234
;MHP RIESEN Ludwigsburg;;;;;;;;;;;;;;;;;;;;;;;;;;
8;PAULDING R. (SF);22;566:46:00;339;87;140;62.1%;37;100;37.0%;124;240;51.7%;54;65;83.1%;42;13;55;28;20;19;4;39;58;300;126
;EWE Baskets Oldenburg;;;;;;;;;;;;;;;;;;;;;;;;;;
7;BABB C. (SG);20;628:25:00;324;47;81;58.0%;60;169;35.5%;107;250;42.8%;50;57;87.7%;40;10;50;57;22;21;2;36;78;284;-3
;Telekom Baskets Bonn;;;;;;;;;;;;;;;;;;;;;;;;;;
9;ODIASE T. (C);21;619:32:00;320;131;211;62.1%;0;0;0.0%;131;211;62.1%;58;93;62.4%;88;48;136;7;7;38;32;43;70;349;-102
;BG Göttingen;;;;;;;;;;;;;;;;;;;;;;;;;;
10;HORNSBY K. (SG);21;427:11:00;312;44;83;53.0%;53;101;52.5%;97;184;52.7%;65;70;92.9%;47;8;55;20;9;14;0;32;49;290;148
;EWE Baskets Oldenburg;;;;;;;;;;;;;;;;;;;;;;;;;;
20;OLISEVICIUS O. (PF);22;532:50:00;310;85;134;63.4%;28;71;39.4%;113;205;55.1%;56;70;80.0%;54;16;70;38;16;33;4;43;51;299;-48
;medi bayreuth;;;;;;;;;;;;;;;;;;;;;;;;;;
11;HALL D. (SG);21;600:51:00;309;58;100;58.0%;46;114;40.4%;104;214;48.6%;55;68;80.9%;77;18;95;83;19;57;9;32;79;335;112
;Brose Bamberg;;;;;;;;;;;;;;;;;;;;;;;;;;
6;JALLOW K. (SF);19;581:29:00;308;90;148;60.8%;18;63;28.6%;108;211;51.2%;74;98;75.5%;68;34;102;40;17;49;3;51;79;294;-70
;Basketball Löwen Braunschweig;;;;;;;;;;;;;;;;;;;;;;;;;;
12;DAWKINS A. (SF);21;567:38:00;308;72;117;61.5%;45;108;41.7%;117;225;52.0%;29;34;85.3%;56;23;79;24;24;37;3;52;32;288;-89
;BG Göttingen;;;;;;;;;;;;;;;;;;;;;;;;;;
17;KRAVISH D. (C);21;569:38:00;302;136;195;69.7%;0;1;0.0%;136;196;69.4%;30;33;90.9%;112;63;175;48;22;40;30;46;26;474;25
;Brose Bamberg;;;;;;;;;;;;;;;;;;;;;;;;;;
19;BARTLEY F. (SG);21;584:42:00;298;62;121;51.2%;32;99;32.3%;94;220;42.7%;78;89;87.6%;50;7;57;43;33;52;5;36;75;247;-99
;medi bayreuth;;;;;;;;;;;;;;;;;;;;;;;;;;
21;OBST A. (SG);21;483:27:00;295;34;57;59.6%;59;121;48.8%;93;178;52.3%;50;57;87.7%;35;2;37;39;15;27;0;40;43;267;112
;ratiopharm ulm;;;;;;;;;;;;;;;;;;;;;;;;;;
25;STARK J. (PG);22;613:39:00;295;60;124;48.4%;45;117;38.5%;105;241;43.6%;40;49;81.6%;36;6;42;91;15;50;2;58;86;250;-135
;JobStairs GIESSEN 46ers;;;;;;;;;;;;;;;;;;;;;;;;;;
13;OSETKOWSKI D. (C);20;496:11:00;293;86;156;55.1%;11;37;29.7%;97;193;50.3%;88;108;81.5%;82;33;115;36;29;41;8;40;100;324;131
;ratiopharm ulm;;;;;;;;;;;;;;;;;;;;;;;;;;
33;GUDMUNDSSON J. (PG);22;646:57:00;285;49;101;48.5%;43;117;36.8%;92;218;42.2%;58;73;79.5%;58;8;66;73;27;50;2;62;88;262;-15
;FRAPORT SKYLINERS;;;;;;;;;;;;;;;;;;;;;;;;;;
31;HULLS J. (PG);21;675:54:00;274;32;65;49.2%;63;139;45.3%;95;204;46.6%;21;23;91.3%;33;14;47;71;25;27;1;43;42;280;260
;MHP RIESEN Ludwigsburg;;;;;;;;;;;;;;;;;;;;;;;;;;
38;BOOTHE N. (PF);22;540:33:00;269;83;147;56.5%;25;61;41.0%;108;208;51.9%;28;30;93.3%;71;31;102;51;7;24;11;53;41;314;160
;EWE Baskets Oldenburg;;;;;;;;;;;;;;;;;;;;;;;;;;
22;SHORTS T. (PG);19;508:04:00;266;81;163;49.7%;10;33;30.3%;91;196;46.4%;74;101;73.3%;46;7;53;91;33;47;0;47;113;264;9
;Hamburg Towers;;;;;;;;;;;;;;;;;;;;;;;;;;
43;CAUPAIN T. (PG);22;571:49:00;263;56;90;62.2%;35;89;39.3%;91;179;50.8%;46;57;80.7%;58;6;64;85;20;40;1;45;59;294;115
;ratiopharm ulm;;;;;;;;;;;;;;;;;;;;;;;;;;
32;HUNT C. (PG);20;442:05:00;259;65;105;61.9%;26;58;44.8%;91;163;55.8%;51;53;96.2%;21;18;39;66;18;35;3;42;62;276;-26
;s.Oliver Würzburg;;;;;;;;;;;;;;;;;;;;;;;;;;
36;HOOKER Q. (PG);20;557:02:00;253;47;109;43.1%;36;98;36.7%;83;207;40.1%;51;59;86.4%;49;13;62;100;22;41;1;48;89;265;-69
;SYNTAINICS MBC;;;;;;;;;;;;;;;;;;;;;;;;;;
53;TIBY M. (PF);22;578:35:00;247;48;84;57.1%;40;91;44.0%;88;175;50.3%;31;41;75.6%;91;22;113;32;16;29;5;44;42;287;-17
;medi bayreuth;;;;;;;;;;;;;;;;;;;;;;;;;;
34;KOTSAR M. (C);19;499:06:00;245;95;160;59.4%;0;1;0.0%;95;161;59.0%;55;78;70.5%;64;43;107;32;21;28;7;44;70;295;93
;Hamburg Towers;;;;;;;;;;;;;;;;;;;;;;;;;;
56;THOMAS B. (SF);22;619:03:00;245;59;98;60.2%;29;89;32.6%;88;187;47.1%;40;49;81.6%;53;21;74;29;19;33;1;29;60;227;-144
;JobStairs GIESSEN 46ers;;;;;;;;;;;;;;;;;;;;;;;;;;
24;BROWN JR. B. (PG);18;351:49:00;244;55;102;53.9%;30;83;36.1%;85;185;46.0%;44;59;74.6%;36;7;43;26;15;23;1;21;51;191;97
;MHP RIESEN Ludwigsburg;;;;;;;;;;;;;;;;;;;;;;;;;;
60;PARDON D. (C);22;495:54:00;244;94;149;63.1%;1;1;100.0%;95;150;63.3%;53;89;59.6%;85;43;128;27;20;43;26;46;78;311;-69
;medi bayreuth;;;;;;;;;;;;;;;;;;;;;;;;;;
26;REYNOLDS J. (C);18;305:53:00;241;95;147;64.6%;0;1;0.0%;95;148;64.2%;51;62;82.3%;51;19;70;29;26;17;11;45;49;296;151
;FC Bayern München;;;;;;;;;;;;;;;;;;;;;;;;;;
66;MAHALBASIC R. (C);22;437:06:00;238;87;140;62.1%;2;11;18.2%;89;151;58.9%;58;64;90.6%;90;32;123;83;16;61;8;62;67;339;91
;EWE Baskets Oldenburg;;;;;;;;;;;;;;;;;;;;;;;;;;
29;THORNTON M. (SG);18;495:24:00;237;40;86;46.5%;41;91;45.1%;81;177;45.8%;34;46;73.9%;17;4;21;77;10;47;2;35;54;192;-62
;NINERS Chemnitz;;;;;;;;;;;;;;;;;;;;;;;;;;
68;LASISI E. (SG);22;553:33:00;237;26;45;57.8%;56;107;52.3%;82;152;54.0%;17;22;77.3%;54;4;58;34;16;19;2;26;18;253;66
;HAKRO Merlins Crailsheim;;;;;;;;;;;;;;;;;;;;;;;;;;
30;MICOVIC S. (PF);18;447:24:00;235;49;80;61.3%;35;79;44.3%;84;159;52.8%;32;39;82.1%;41;17;58;21;6;30;5;27;32;213;14
;Telekom Baskets Bonn;;;;;;;;;;;;;;;;;;;;;;;;;;
39;SCHILLING G. (PF);19;458:30:00;232;89;154;57.8%;0;3;0.0%;89;157;56.7%;54;99;54.6%;85;60;145;21;9;35;11;69;105;270;-32
;Basketball Löwen Braunschweig;;;;;;;;;;;;;;;;;;;;;;;;;;
74;BOWMAN B. (PF);22;522:53:00;231;73;114;64.0%;17;70;24.3%;90;184;48.9%;34;36;94.4%;66;33;99;35;10;28;11;44;41;262;-124
;JobStairs GIESSEN 46ers;;;;;;;;;;;;;;;;;;;;;;;;;;
50;JOHNSON J. (PF);20;426:31:00;229;99;164;60.4%;0;3;0.0%;99;167;59.3%;31;45;68.9%;62;41;103;19;13;19;16;32;45;279;102
;FC Bayern München;;;;;;;;;;;;;;;;;;;;;;;;;;
63;VITALI M. (SG);21;519:11:00;229;23;48;47.9%;43;109;39.5%;66;157;42.0%;54;65;83.1%;46;6;52;59;17;28;2;28;72;229;-3
;Brose Bamberg;;;;;;;;;;;;;;;;;;;;;;;;;;
64;SENGFELDER C. (PF);21;539:55:00;228;63;110;57.3%;22;70;31.4%;85;180;47.2%;36;43;83.7%;65;43;108;15;7;17;0;40;42;239;27
;Brose Bamberg;;;;;;;;;;;;;;;;;;;;;;;;;;
27;NELSON L. (PG);17;403:08:00;227;33;76;43.4%;39;94;41.5%;72;170;42.4%;44;58;75.9%;23;4;27;74;11;42;0;42;51;185;-39
;BG Göttingen;;;;;;;;;;;;;;;;;;;;;;;;;;
70;MOORE R. (PF);21;589:30:00;224;56;111;50.5%;25;70;35.7%;81;181;44.8%;37;45;82.2%;54;25;79;29;5;20;3;44;38;212;-47
;FRAPORT SKYLINERS;;;;;;;;;;;;;;;;;;;;;;;;;;
46;SWING J. (SG);19;372:33:00;223;33;69;47.8%;44;101;43.6%;77;170;45.3%;25;29;86.2%;54;7;61;44;8;34;0;36;34;205;34
;Hamburg Towers;;;;;;;;;;;;;;;;;;;;;;;;;;
40;RADOSAVLJEVIC B. (C);18;370:15:00;219;60;94;63.8%;15;36;41.7%;75;130;57.7%;54;61;88.5%;62;15;77;18;8;39;2;53;50;223;9
;HAKRO Merlins Crailsheim;;;;;;;;;;;;;;;;;;;;;;;;;;
16;MEISNER L. (SF);15;446:37:00;216;30;61;49.2%;44;101;43.6%;74;162;45.7%;24;35;68.6%;54;14;68;22;8;22;8;37;32;201;-16
;Basketball Löwen Braunschweig;;;;;;;;;;;;;;;;;;;;;;;;;;
55;ALLEN T. (PF);19;513:50:00;212;44;76;57.9%;33;96;34.4%;77;172;44.8%;25;29;86.2%;54;28;82;29;14;16;6;36;30;228;43
;Hamburg Towers;;;;;;;;;;;;;;;;;;;;;;;;;;
59;YOUNG J. (PG);19;556:04:00;211;31;76;40.8%;35;101;34.7%;66;177;37.3%;44;53;83.0%;40;13;53;74;9;32;0;59;54;195;-95
;RASTA Vechta;;;;;;;;;;;;;;;;;;;;;;;;;;
61;HARRIS T. (SG);19;536:03:00;210;58;107;54.2%;19;35;54.3%;77;142;54.2%;37;54;68.5%;41;22;63;75;15;65;1;38;60;217;-141
;NINERS Chemnitz;;;;;;;;;;;;;;;;;;;;;;;;;;
89;SEIFERTH A. (C);22;387:07:00;206;85;136;62.5%;0;2;0.0%;85;138;61.6%;36;40;90.0%;65;33;98;39;12;34;8;67;56;272;6
;medi bayreuth;;;;;;;;;;;;;;;;;;;;;;;;;;
41;WEILER-BABB N. (SG);17;484:42:00;204;32;55;58.2%;37;85;43.5%;69;140;49.3%;29;41;70.7%;50;20;70;60;14;22;11;30;41;254;173
;FC Bayern München;;;;;;;;;;;;;;;;;;;;;;;;;;
35;TAYLOR K. (SG);16;444:41:00;203;54;102;52.9%;18;68;26.5%;72;170;42.4%;41;50;82.0%;64;23;87;56;25;31;7;41;47;240;58
;Hamburg Towers;;;;;;;;;;;;;;;;;;;;;;;;;;
54;ROBINSON J. (PG);18;546:38:00;202;37;85;43.5%;29;67;43.3%;66;152;43.4%;41;47;87.2%;41;4;45;98;16;26;1;44;55;244;-54
;Basketball Löwen Braunschweig;;;;;;;;;;;;;;;;;;;;;;;;;;
83;POLAS BARTOLO Y. (SF);21;606:08:00;202;37;81;45.7%;29;64;45.3%;66;145;45.5%;41;56;73.2%;61;36;97;56;29;30;1;61;68;261;218
;MHP RIESEN Ludwigsburg;;;;;;;;;;;;;;;;;;;;;;;;;;
62;KING G. (SF);18;394:27:00;198;23;40;57.5%;40;80;50.0%;63;120;52.5%;32;35;91.4%;61;16;77;22;17;27;3;47;32;230;-62
;NINERS Chemnitz;;;;;;;;;;;;;;;;;;;;;;;;;;
81;ZIPSER P. (SF);20;419:22:00;197;26;47;55.3%;33;81;40.7%;59;128;46.1%;46;50;92.0%;60;16;76;35;12;12;14;29;43;249;179
;FC Bayern München;;;;;;;;;;;;;;;;;;;;;;;;;;
88;JAMES JR. S. (PF);21;439:10:00;197;67;104;64.4%;11;32;34.4%;78;136;57.4%;30;35;85.7%;64;45;109;21;7;25;6;54;41;252;-152
;JobStairs GIESSEN 46ers;;;;;;;;;;;;;;;;;;;;;;;;;;
51;CLIFFORD D. (C);17;482:13:00;194;80;111;72.1%;0;0;0.0%;80;111;72.1%;34;49;69.4%;100;37;137;33;9;36;15;44;62;306;-78
;RASTA Vechta;;;;;;;;;;;;;;;;;;;;;;;;;;
67;KLEPEISZ T. (PG);18;407:34:00;194;19;38;50.0%;33;78;42.3%;52;116;44.8%;57;64;89.1%;19;2;21;49;19;26;0;40;52;186;113
;ratiopharm ulm;;;;;;;;;;;;;;;;;;;;;;;;;;
99;ROBERTSON Q. (SG);22;715:53:00;193;38;76;50.0%;27;81;33.3%;65;157;41.4%;36;44;81.8%;77;23;100;75;39;32;7;63;47;282;-61
;FRAPORT SKYLINERS;;;;;;;;;;;;;;;;;;;;;;;;;;
85;WARD T. (SF);20;482:05:00;190;57;105;54.3%;13;42;31.0%;70;147;47.6%;37;55;67.3%;56;30;86;51;23;41;6;66;49;220;-64
;s.Oliver Würzburg;;;;;;;;;;;;;;;;;;;;;;;;;;
86;LO M. (PG);20;422:27:00;190;37;69;53.6%;27;69;39.1%;64;138;46.4%;35;45;77.8%;38;8;46;82;15;32;0;25;54;217;107
;ALBA BERLIN;;;;;;;;;;;;;;;;;;;;;;;;;;
58;FONTECCHIO S. (SF);17;353:46:00;189;55;90;61.1%;19;45;42.2%;74;135;54.8%;22;27;81.5%;32;13;45;26;10;19;7;30;24;192;106
;ALBA BERLIN;;;;;;;;;;;;;;;;;;;;;;;;;;
15;SALUMU J. (SG);13;307:16:00;188;36;62;58.1%;19;40;47.5%;55;102;53.9%;59;74;79.7%;15;8;23;29;5;30;3;34;75;156;-40
;RASTA Vechta;;;;;;;;;;;;;;;;;;;;;;;;;;
80;BARNETT J. (SF);19;401:59:00;188;42;72;58.3%;25;76;32.9%;67;148;45.3%;29;33;87.9%;35;14;49;22;13;13;7;34;20;181;-129
;RASTA Vechta;;;;;;;;;;;;;;;;;;;;;;;;;;
103;PRESSEY P. (PG);22;499:49:00;188;32;57;56.1%;30;82;36.6%;62;139;44.6%;34;44;77.3%;51;4;55;87;33;39;2;51;51;239;43
;EWE Baskets Oldenburg;;;;;;;;;;;;;;;;;;;;;;;;;;
76;SIKMA L. (PF);18;392:19:00;185;56;97;57.7%;16;44;36.4%;72;141;51.1%;25;32;78.1%;97;31;128;74;25;32;6;30;54;310;148
;ALBA BERLIN;;;;;;;;;;;;;;;;;;;;;;;;;;
77;MIKE I. (PF);18;504:19:00;185;47;77;61.0%;20;52;38.5%;67;129;51.9%;31;42;73.8%;71;29;100;24;15;30;15;44;42;236;-53
;NINERS Chemnitz;;;;;;;;;;;;;;;;;;;;;;;;;;
92;VORHEES W. (PF);20;394:30:00;185;57;111;51.4%;13;37;35.1%;70;148;47.3%;32;42;76.2%;50;31;81;24;6;40;1;63;41;169;-144
;RASTA Vechta;;;;;;;;;;;;;;;;;;;;;;;;;;
105;WALKER D. (SF);22;681:44:00;182;30;61;49.2%;32;76;42.1%;62;137;45.3%;26;31;83.9%;48;5;53;71;24;33;3;41;35;220;1
;medi bayreuth;;;;;;;;;;;;;;;;;;;;;;;;;;
108;GüNTHER P. (PG);22;318:50:00;181;21;50;42.0%;22;62;35.5%;43;112;38.4%;73;74;98.7%;25;1;26;52;6;30;0;35;52;165;108
;ratiopharm ulm;;;;;;;;;;;;;;;;;;;;;;;;;;
102;KESSENS M. (C);21;396:37:00;180;73;120;60.8%;0;0;0.0%;73;120;60.8%;34;54;63.0%;70;41;111;13;6;41;8;64;43;210;26
;FRAPORT SKYLINERS;;;;;;;;;;;;;;;;;;;;;;;;;;
48;SEELEY D. (SG);15;333:38:00;175;29;56;51.8%;23;63;36.5%;52;119;43.7%;48;54;88.9%;14;8;22;36;7;28;3;31;53;142;36
;FC Bayern München;;;;;;;;;;;;;;;;;;;;;;;;;;
100;MCNEACE J. (C);20;354:40:00;175;76;107;71.0%;0;1;0.0%;76;108;70.4%;23;48;47.9%;58;39;97;6;12;23;11;51;38;221;54
;HAKRO Merlins Crailsheim;;;;;;;;;;;;;;;;;;;;;;;;;;
112;HIGHSMITH H. (SF);22;600:16:00;175;39;64;60.9%;24;85;28.2%;63;149;42.3%;25;39;64.1%;65;31;96;30;29;32;14;65;37;212;23
;HAKRO Merlins Crailsheim;;;;;;;;;;;;;;;;;;;;;;;;;;
94;DORETH B. (PG);19;546:17:00;173;26;38;68.4%;32;82;39.0%;58;120;48.3%;25;27;92.6%;38;7;45;107;15;27;0;50;35;249;-29
;medi bayreuth;;;;;;;;;;;;;;;;;;;;;;;;;;
114;HOBBS B. (PG);22;383:58:00;172;14;24;58.3%;43;94;45.7%;57;118;48.3%;15;17;88.2%;39;7;46;81;25;24;7;15;18;244;101
;EWE Baskets Oldenburg;;;;;;;;;;;;;;;;;;;;;;;;;;
117;CHRISTEN R. (SF);22;494:35:00;171;26;41;63.4%;30;90;33.3%;56;131;42.8%;29;34;85.3%;62;24;86;18;12;25;2;44;32;184;-80
;RASTA Vechta;;;;;;;;;;;;;;;;;;;;;;;;;;
57;BALDWIN W. (PG);15;315:21:00;167;40;70;57.1%;18;56;32.1%;58;126;46.0%;33;42;78.6%;34;4;38;54;14;30;4;38;51;170;97
;FC Bayern München;;;;;;;;;;;;;;;;;;;;;;;;;;
91;WIMBERG J. (PF);18;506:09:00;167;39;66;59.1%;19;48;39.6%;58;114;50.9%;32;33;97.0%;65;15;80;23;17;23;23;45;32;230;-50
;NINERS Chemnitz;;;;;;;;;;;;;;;;;;;;;;;;;;
104;THIEMANN J. (C);20;348:28:00;166;51;88;58.0%;10;29;34.5%;61;117;52.1%;34;44;77.3%;62;32;94;19;12;24;2;33;52;203;64
;ALBA BERLIN;;;;;;;;;;;;;;;;;;;;;;;;;;
118;HUNDT B. (PG);21;495:00:00;162;36;92;39.1%;18;66;27.3%;54;158;34.2%;36;46;78.3%;22;5;27;93;7;49;2;49;73;128;11
;Brose Bamberg;;;;;;;;;;;;;;;;;;;;;;;;;;
120;HILL K. (PF);21;598:03:00;161;37;76;48.7%;16;55;29.1%;53;131;40.5%;39;45;86.7%;73;37;110;35;24;40;9;52;37;215;-41
;SYNTAINICS MBC;;;;;;;;;;;;;;;;;;;;;;;;;;
71;GAILIUS D. (SF);15;335:07:00;160;22;50;44.0%;24;61;39.3%;46;111;41.4%;44;55;80.0%;36;10;46;20;5;23;1;34;51;133;-70
;Telekom Baskets Bonn;;;;;;;;;;;;;;;;;;;;;;;;;;
97;HAMILTON I. (SG);18;318:26:00;160;41;83;49.4%;23;53;43.4%;64;136;47.1%;9;11;81.8%;28;17;45;27;14;33;1;32;16;140;-96
;JobStairs GIESSEN 46ers;;;;;;;;;;;;;;;;;;;;;;;;;;
111;POLLARD X. (SG);20;422:26:00;160;48;99;48.5%;12;37;32.4%;60;136;44.1%;28;34;82.4%;41;15;56;40;29;37;0;47;37;166;32
;Telekom Baskets Bonn;;;;;;;;;;;;;;;;;;;;;;;;;;
128;JONES J. (SF);22;447:25:00;156;15;33;45.5%;33;83;39.8%;48;116;41.4%;27;39;69.2%;44;11;55;15;23;18;3;52;32;154;38
;HAKRO Merlins Crailsheim;;;;;;;;;;;;;;;;;;;;;;;;;;
125;STUCKEY M. (SG);21;370:14:00;155;17;39;43.6%;33;100;33.0%;50;139;36.0%;22;28;78.6%;31;9;40;24;8;18;2;59;36;116;10
;HAKRO Merlins Crailsheim;;;;;;;;;;;;;;;;;;;;;;;;;;
45;ERIKSSON M. (SF);13;282:45:00;154;15;31;48.4%;36;81;44.4%;51;112;45.5%;16;17;94.1%;20;6;26;13;6;7;1;15;28;131;115
;ALBA BERLIN;;;;;;;;;;;;;;;;;;;;;;;;;;
23;MARELJA A. (C);11;212:45:00;152;51;76;67.1%;10;19;52.6%;61;95;64.2%;20;26;76.9%;29;14;43;14;4;18;3;18;20;158;-43
;SYNTAINICS MBC;;;;;;;;;;;;;;;;;;;;;;;;;;
65;COLEMAN T. (SF);14;241:38:00;152;32;66;48.5%;12;40;30.0%;44;106;41.5%;52;65;80.0%;42;14;56;28;11;46;6;43;50;132;94
;HAKRO Merlins Crailsheim;;;;;;;;;;;;;;;;;;;;;;;;;;
132;HOLMAN A. (PF);22;409:27:00;152;28;54;51.9%;25;57;43.9%;53;111;47.8%;21;25;84.0%;59;27;86;21;9;18;20;41;25;208;89
;ratiopharm ulm;;;;;;;;;;;;;;;;;;;;;;;;;;
133;MURPHY K. (PF);22;408:27:00;152;51;101;50.5%;2;8;25.0%;53;109;48.6%;44;65;67.7%;59;19;78;15;11;41;6;53;53;144;-118
;FRAPORT SKYLINERS;;;;;;;;;;;;;;;;;;;;;;;;;;
139;PJANIC A. (SF);22;460:01:00;150;35;60;58.3%;23;57;40.4%;58;117;49.6%;11;17;64.7%;46;18;64;18;24;16;15;67;24;190;-141
;JobStairs GIESSEN 46ers;;;;;;;;;;;;;;;;;;;;;;;;;;
72;ROGIC R. (PG);14;318:54:00;149;36;64;56.3%;22;54;40.7%;58;118;49.2%;11;14;78.6%;24;12;36;58;8;34;0;43;36;154;-41
;SYNTAINICS MBC;;;;;;;;;;;;;;;;;;;;;;;;;;
115;RICHTER J. (PF);19;372:55:00;148;58;121;47.9%;4;19;21.1%;62;140;44.3%;20;26;76.9%;40;27;67;16;7;30;4;59;27;128;-138
;NINERS Chemnitz;;;;;;;;;;;;;;;;;;;;;;;;;;
141;HERRERA S. (SG);22;444:25:00;146;45;77;58.4%;10;33;30.3%;55;110;50.0%;26;35;74.3%;37;13;50;49;13;20;2;44;35;176;66
;EWE Baskets Oldenburg;;;;;;;;;;;;;;;;;;;;;;;;;;
142;BREUNIG M. (C);22;349:40:00;145;57;102;55.9%;0;0;0.0%;57;102;55.9%;31;36;86.1%;51;37;89;17;10;11;5;62;42;205;52
;EWE Baskets Oldenburg;;;;;;;;;;;;;;;;;;;;;;;;;;
84;FIELER C. (PF);15;331:46:00;144;39;54;72.2%;18;58;31.0%;57;112;50.9%;12;16;75.0%;33;9;42;38;15;20;12;41;23;172;31
;Brose Bamberg;;;;;;;;;;;;;;;;;;;;;;;;;;
95;LOCKHART D. (SG);16;356:27:00;144;13;24;54.2%;36;75;48.0%;49;99;49.5%;10;14;71.4%;24;12;36;33;21;18;0;42;23;162;24
;Brose Bamberg;;;;;;;;;;;;;;;;;;;;;;;;;;
127;THOMPSON IV J. (C);20;375:42:00;144;52;88;59.1%;2;7;28.6%;54;95;56.8%;34;51;66.7%;70;44;114;7;8;31;9;52;43;193;-18
;Telekom Baskets Bonn;;;;;;;;;;;;;;;;;;;;;;;;;;
98;KING A. (SF);16;348:57:00;142;17;38;44.7%;28;77;36.4%;45;115;39.1%;24;31;77.4%;26;11;37;17;7;16;0;31;29;110;-23
;s.Oliver Würzburg;;;;;;;;;;;;;;;;;;;;;;;;;;
130;KOCH F. (SF);20;398:48:00;139;31;62;50.0%;18;54;33.3%;49;116;42.2%;23;26;88.5%;51;16;67;22;12;15;0;34;25;155;-67
;s.Oliver Würzburg;;;;;;;;;;;;;;;;;;;;;;;;;;
143;KERUSCH S. (SF);21;300:23:00;138;30;55;54.5%;17;58;29.3%;47;113;41.6%;27;30;90.0%;41;35;76;9;6;13;4;35;22;151;-40
;SYNTAINICS MBC;;;;;;;;;;;;;;;;;;;;;;;;;;
136;RODRIGUEZ D. (SF);20;257:49:00;137;41;67;61.2%;9;35;25.7%;50;102;49.0%;28;42;66.7%;34;20;54;10;14;21;8;43;32;136;52
;MHP RIESEN Ludwigsburg;;;;;;;;;;;;;;;;;;;;;;;;;;
137;DILEO A. (PG);20;423:39:00;137;28;59;47.5%;11;37;29.7%;39;96;40.6%;48;50;96.0%;31;11;42;57;26;25;0;50;59;178;41
;Telekom Baskets Bonn;;;;;;;;;;;;;;;;;;;;;;;;;;
146;DARDEN T. (SG);21;374:54:00;137;45;77;58.4%;6;21;28.6%;51;98;52.0%;29;34;85.3%;43;9;53;16;11;15;12;45;32;162;98
;MHP RIESEN Ludwigsburg;;;;;;;;;;;;;;;;;;;;;;;;;;
153;BLECK F. (SF);22;559:29:00;134;37;71;52.1%;13;42;31.0%;50;113;44.3%;21;33;63.6%;63;32;95;38;21;18;6;47;33;201;82
;HAKRO Merlins Crailsheim;;;;;;;;;;;;;;;;;;;;;;;;;;
87;LAWSON III J. (PF);14;241:00:00;133;42;67;62.7%;5;17;29.4%;47;84;56.0%;34;38;89.5%;31;10;41;9;5;27;0;46;33;120;-9
;NINERS Chemnitz;;;;;;;;;;;;;;;;;;;;;;;;;;
131;CONGER D. (SF);19;357:18:00;132;22;51;43.1%;16;34;47.1%;38;85;44.7%;40;47;85.1%;46;13;59;24;8;26;2;30;36;145;95
;ratiopharm ulm;;;;;;;;;;;;;;;;;;;;;;;;;;
151;PENO S. (PG);21;444:45:00;130;30;85;35.3%;12;51;23.5%;42;136;30.9%;34;47;72.3%;37;8;45;98;23;67;3;48;60;125;-132
;RASTA Vechta;;;;;;;;;;;;;;;;;;;;;;;;;;
93;OLINDE L. (SF);14;323:02:00;129;31;50;62.0%;13;37;35.1%;44;87;50.6%;28;35;80.0%;45;28;73;10;13;15;9;24;40;169;66
;ALBA BERLIN;;;;;;;;;;;;;;;;;;;;;;;;;;
152;WOHLFARTH-BOTTERMANN J. (C);21;330:51:00;128;53;89;59.6%;0;0;0.0%;53;89;59.6%;22;47;46.8%;48;41;89;9;10;20;10;62;65;165;100
;MHP RIESEN Ludwigsburg;;;;;;;;;;;;;;;;;;;;;;;;;;
155;SCHWETHELM P. (SF);22;315:45:00;128;6;11;54.5%;35;79;44.3%;41;90;45.6%;11;11;100.0%;23;9;32;19;9;5;1;41;14;135;47
;EWE Baskets Oldenburg;;;;;;;;;;;;;;;;;;;;;;;;;;
145;RADOSEVIC L. (C);19;361:27:00;124;47;84;56.0%;2;9;22.2%;49;93;52.7%;24;30;80.0%;40;19;59;16;6;16;7;32;34;146;33
;FC Bayern München;;;;;;;;;;;;;;;;;;;;;;;;;;
138;OGBE K. (SG);18;328:00:00;123;29;51;56.9%;10;38;26.3%;39;89;43.8%;35;47;74.5%;37;12;49;16;12;18;3;38;46;123;-15
;Brose Bamberg;;;;;;;;;;;;;;;;;;;;;;;;;;
158;HASBARGEN T. (SG);22;459:20:00;121;27;60;45.0%;18;53;34.0%;45;113;39.8%;13;17;76.5%;37;23;60;22;19;23;3;39;16;130;-55
;RASTA Vechta;;;;;;;;;;;;;;;;;;;;;;;;;;
122;LAMMERS B. (C);16;306:47:00;120;50;102;49.0%;0;2;0.0%;50;104;48.1%;20;25;80.0%;47;23;70;16;17;9;27;36;28;182;153
;ALBA BERLIN;;;;;;;;;;;;;;;;;;;;;;;;;;
140;KRATZER L. (C);18;334:15:00;120;56;105;53.3%;0;0;0.0%;56;105;53.3%;8;26;30.8%;83;31;114;20;12;19;11;56;44;191;1
;Telekom Baskets Bonn;;;;;;;;;;;;;;;;;;;;;;;;;;
149;KAMP H. (PF);19;344:55:00;120;36;75;48.0%;4;21;19.1%;40;96;41.7%;36;43;83.7%;54;25;79;21;9;22;3;43;38;147;-52
;BG Göttingen;;;;;;;;;;;;;;;;;;;;;;;;;;
44;BRYANT J. (C);10;234:32:00;119;35;63;55.6%;12;24;50.0%;47;87;54.0%;13;17;76.5%;48;20;68;29;3;19;14;22;25;170;-57
;JobStairs GIESSEN 46ers;;;;;;;;;;;;;;;;;;;;;;;;;;
52;SIVA P. (PG);10;191:41:00;114;12;31;38.7%;22;55;40.0%;34;86;39.5%;24;27;88.9%;17;1;18;51;9;23;0;13;28;114;42
;ALBA BERLIN;;;;;;;;;;;;;;;;;;;;;;;;;;
156;WEIDEMANN N. (PG);20;294:57:00;114;23;43;53.5%;17;54;31.5%;40;97;41.2%;17;21;81.0%;25;5;30;37;8;19;1;50;32;110;-56
;BG Göttingen;;;;;;;;;;;;;;;;;;;;;;;;;;
109;FLACCADORI D. (SG);14;301:12:00;113;32;62;51.6%;12;29;41.4%;44;91;48.4%;13;18;72.2%;24;6;30;53;13;22;3;27;25;138;75
;FC Bayern München;;;;;;;;;;;;;;;;;;;;;;;;;;
167;WILKINS I. (PF);22;329:39:00;112;39;60;65.0%;4;7;57.1%;43;67;64.2%;22;31;71.0%;45;33;78;30;9;16;8;46;32;188;74
;ratiopharm ulm;;;;;;;;;;;;;;;;;;;;;;;;;;
148;TAYLOR B. (SG);17;281:49:00;110;7;11;63.6%;29;60;48.3%;36;71;50.7%;9;11;81.8%;19;1;20;6;9;4;3;21;6;107;28
;Hamburg Towers;;;;;;;;;;;;;;;;;;;;;;;;;;
166;HECKMANN P. (SF);21;391:52:00;107;27;46;58.7%;7;25;28.0%;34;71;47.9%;32;38;84.2%;40;8;48;31;8;15;4;38;37;140;66
;ratiopharm ulm;;;;;;;;;;;;;;;;;;;;;;;;;;
73;GIFFEY N. (SF);10;185:34:00;105;25;40;62.5%;16;28;57.1%;41;68;60.3%;7;10;70.0%;26;5;31;15;5;11;2;22;14;117;54
;ALBA BERLIN;;;;;;;;;;;;;;;;;;;;;;;;;;
90;RICHTER J. (PF);11;253:45:00;103;33;59;55.9%;5;20;25.0%;38;79;48.1%;22;25;88.0%;30;29;59;10;5;13;1;42;22;121;-30
;JobStairs GIESSEN 46ers;;;;;;;;;;;;;;;;;;;;;;;;;;
162;PETERKA M. (PF);19;284:04:00;101;21;40;52.5%;14;40;35.0%;35;80;43.8%;17;22;77.3%;21;22;43;16;7;7;2;38;12;112;-96
;Basketball Löwen Braunschweig;;;;;;;;;;;;;;;;;;;;;;;;;;
18;GARRETT D. (PG);7;221:12:00;100;23;40;57.5%;14;34;41.2%;37;74;50.0%;12;15;80.0%;13;6;19;35;9;19;3;20;17;107;-55
;JobStairs GIESSEN 46ers;;;;;;;;;;;;;;;;;;;;;;;;;;
106;BOOKER D. (PG);12;282:49:00;99;15;33;45.5%;18;40;45.0%;33;73;45.2%;15;16;93.8%;27;4;31;61;10;34;3;31;33;129;-66
;BG Göttingen;;;;;;;;;;;;;;;;;;;;;;;;;;
37;LOMAZS R. (SG);8;192:38:00;98;17;32;53.1%;11;38;29.0%;28;70;40.0%;31;39;79.5%;9;3;12;28;8;17;1;19;35;80;-23
;BG Göttingen;;;;;;;;;;;;;;;;;;;;;;;;;;
160;HOLLATZ J. (PG);18;319:28:00;98;26;50;52.0%;11;38;29.0%;37;88;42.1%;13;23;56.5%;22;15;37;40;20;20;2;38;19;116;39
;Hamburg Towers;;;;;;;;;;;;;;;;;;;;;;;;;;
161;VAN SLOOTEN L. (SF);18;273:44:00;97;9;15;60.0%;24;60;40.0%;33;75;44.0%;7;10;70.0%;21;5;26;17;9;10;3;42;13;97;-23
;Basketball Löwen Braunschweig;;;;;;;;;;;;;;;;;;;;;;;;;;
42;SEARS J. (C);8;190:23:00;96;34;60;56.7%;1;3;33.3%;35;63;55.6%;25;34;73.5%;19;18;37;15;11;16;4;15;44;110;10
;s.Oliver Würzburg;;;;;;;;;;;;;;;;;;;;;;;;;;
110;GRANGER J. (PG);12;273:47:00;96;20;42;47.6%;16;49;32.7%;36;91;39.6%;8;12;66.7%;25;5;30;75;14;23;0;21;24;133;84
;ALBA BERLIN;;;;;;;;;;;;;;;;;;;;;;;;;;
171;OBIESIE J. (PG);19;259:08:00;94;20;53;37.7%;11;30;36.7%;31;83;37.4%;21;26;80.8%;29;4;33;28;8;25;2;27;21;83;-52
;s.Oliver Würzburg;;;;;;;;;;;;;;;;;;;;;;;;;;
176;MATTISSECK J. (PG);20;366:58:00;89;6;19;31.6%;24;84;28.6%;30;103;29.1%;5;8;62.5%;19;8;27;29;9;18;2;35;25;62;37
;ALBA BERLIN;;;;;;;;;;;;;;;;;;;;;;;;;;
14;VELICKA A. (PG);6;163:33:00;87;13;24;54.2%;13;33;39.4%;26;57;45.6%;22;30;73.3%;12;6;18;38;4;19;1;15;33;90;-8
;Basketball Löwen Braunschweig;;;;;;;;;;;;;;;;;;;;;;;;;;
69;LUCIC V. (SF);8;181:12:00;86;16;25;64.0%;11;29;37.9%;27;54;50.0%;21;22;95.5%;17;3;20;7;8;10;0;16;28;83;53
;FC Bayern München;;;;;;;;;;;;;;;;;;;;;;;;;;
163;WEITZEL J. (C);16;190:11:00;85;33;56;58.9%;1;7;14.3%;34;63;54.0%;16;20;80.0%;19;10;29;7;5;8;2;19;16;87;-85
;s.Oliver Würzburg;;;;;;;;;;;;;;;;;;;;;;;;;;
179;SCHNEIDER T. (PF);20;273:13:00;85;13;31;41.9%;16;34;47.1%;29;65;44.6%;11;12;91.7%;30;15;45;12;4;12;3;21;15;100;-17
;ALBA BERLIN;;;;;;;;;;;;;;;;;;;;;;;;;;
180;HERZOG L. (PG);20;253:27:00;84;11;20;55.0%;18;52;34.6%;29;72;40.3%;8;15;53.3%;20;4;24;16;7;7;0;25;17;74;49
;MHP RIESEN Ludwigsburg;;;;;;;;;;;;;;;;;;;;;;;;;;
165;WANK L. (SG);16;283:12:00;83;19;31;61.3%;10;29;34.5%;29;60;48.3%;15;19;79.0%;30;18;48;17;12;25;3;38;28;103;-66
;Basketball Löwen Braunschweig;;;;;;;;;;;;;;;;;;;;;;;;;;
178;CUTHBERTSON Z. (SF);19;277:46:00;82;10;21;47.6%;18;51;35.3%;28;72;38.9%;8;17;47.1%;33;13;46;13;13;13;8;36;15;96;41
;Hamburg Towers;;;;;;;;;;;;;;;;;;;;;;;;;;
184;KRAUSHAAR B. (PG);21;279:51:00;82;19;37;51.4%;8;30;26.7%;27;67;40.3%;20;30;66.7%;18;0;18;57;5;31;0;43;30;81;-109
;JobStairs GIESSEN 46ers;;;;;;;;;;;;;;;;;;;;;;;;;;
187;TADDA K. (SG);22;368:11:00;81;14;21;66.7%;10;30;33.3%;24;51;47.1%;23;28;82.1%;34;7;41;35;10;9;0;44;34;126;80
;EWE Baskets Oldenburg;;;;;;;;;;;;;;;;;;;;;;;;;;
177;ZYLKA F. (SG);18;144:52:00;80;17;25;68.0%;12;39;30.8%;29;64;45.3%;10;12;83.3%;21;3;24;9;10;15;1;25;19;72;-38
;JobStairs GIESSEN 46ers;;;;;;;;;;;;;;;;;;;;;;;;;;
82;CHAPMAN B. (PF);8;179:24:00;78;21;41;51.2%;6;20;30.0%;27;61;44.3%;18;20;90.0%;15;8;23;14;6;9;7;19;19;83;-3
;s.Oliver Würzburg;;;;;;;;;;;;;;;;;;;;;;;;;;
173;RAHON J. (PG);17;388:21:00;78;27;60;45.0%;5;20;25.0%;32;80;40.0%;9;14;64.3%;28;2;30;64;22;20;0;33;32;121;-59
;FRAPORT SKYLINERS;;;;;;;;;;;;;;;;;;;;;;;;;;
175;MöNNINGHOFF M. (SG);17;358:04:00;76;4;9;44.4%;19;49;38.8%;23;58;39.7%;11;15;73.3%;54;11;65;16;13;5;1;38;11;127;-93
;BG Göttingen;;;;;;;;;;;;;;;;;;;;;;;;;;
190;HOFFMANN F. (SF);20;372:58:00;73;15;37;40.5%;10;22;45.5%;25;59;42.4%;13;22;59.1%;57;37;94;26;10;28;1;35;25;133;-53
;s.Oliver Würzburg;;;;;;;;;;;;;;;;;;;;;;;;;;
159;KONGA K. (PG);13;224:05:00;71;6;10;60.0%;15;41;36.6%;21;51;41.2%;14;15;93.3%;20;6;26;6;4;9;0;28;28;67;-42
;FRAPORT SKYLINERS;;;;;;;;;;;;;;;;;;;;;;;;;;
168;ZIEGENHAGEN M. (SG);14;143:54:00;71;3;10;30.0%;18;45;40.0%;21;55;38.2%;11;12;91.7%;8;1;9;7;1;10;0;30;13;43;-20
;NINERS Chemnitz;;;;;;;;;;;;;;;;;;;;;;;;;;
116;KONE B. (PG);9;139:57:00;70;12;30;40.0%;7;14;50.0%;19;44;43.2%;25;31;80.7%;10;3;13;11;7;20;1;10;26;51;-55
;Basketball Löwen Braunschweig;;;;;;;;;;;;;;;;;;;;;;;;;;
119;PETRUCELLI J. (SG);9;180:31:00;69;15;24;62.5%;9;30;30.0%;24;54;44.4%;12;12;100.0%;24;3;27;15;13;12;3;22;12;85;57
;ratiopharm ulm;;;;;;;;;;;;;;;;;;;;;;;;;;
134;SISKO Z. (PG);10;194:58:00;69;12;21;57.1%;12;27;44.4%;24;48;50.0%;9;10;90.0%;12;8;20;44;10;17;0;36;16;101;57
;FC Bayern München;;;;;;;;;;;;;;;;;;;;;;;;;;
135;HUNT J. (PF);10;239:36:00;69;14;31;45.2%;9;23;39.1%;23;54;42.6%;14;20;70.0%;45;13;58;8;4;16;5;31;17;91;-64
;RASTA Vechta;;;;;;;;;;;;;;;;;;;;;;;;;;
121;DJEDOVIC N. (SG);9;166:40:00;68;14;25;56.0%;6;22;27.3%;20;47;42.6%;22;25;88.0%;22;3;25;18;2;8;0;17;21;75;17
;FC Bayern München;;;;;;;;;;;;;;;;;;;;;;;;;;
191;DILEO M. (SG);19;320:46:00;67;5;16;31.3%;17;48;35.4%;22;64;34.4%;6;8;75.0%;11;11;22;28;19;6;0;46;21;86;89
;Hamburg Towers;;;;;;;;;;;;;;;;;;;;;;;;;;
147;BRODEUR A. (C);10;219:53:00;65;30;47;63.8%;0;0;0.0%;30;47;63.8%;5;7;71.4%;25;14;39;18;10;8;7;17;9;112;-24
;SYNTAINICS MBC;;;;;;;;;;;;;;;;;;;;;;;;;;
194;HARTWICH P. (C);20;247:07:00;64;28;42;66.7%;0;0;0.0%;28;42;66.7%;8;15;53.3%;29;32;61;7;8;19;28;49;26;128;2
;SYNTAINICS MBC;;;;;;;;;;;;;;;;;;;;;;;;;;
195;VARGAS A. (SG);21;351:23:00;64;12;18;66.7%;8;35;22.9%;20;53;37.7%;16;18;88.9%;35;12;47;21;9;22;0;32;21;84;-145
;BG Göttingen;;;;;;;;;;;;;;;;;;;;;;;;;;
113;HILLIARD N. (PG);8;128:32:00;63;20;45;44.4%;6;15;40.0%;26;60;43.3%;5;7;71.4%;8;3;11;35;6;18;3;10;23;64;-37
;HAKRO Merlins Crailsheim;;;;;;;;;;;;;;;;;;;;;;;;;;
150;JONES L. (PG);10;190:52:00;63;14;34;41.2%;7;21;33.3%;21;55;38.2%;14;17;82.4%;9;1;10;26;3;19;0;25;29;46;8
;medi bayreuth;;;;;;;;;;;;;;;;;;;;;;;;;;
199;HUNDT J. (PG);22;239:28:00;62;18;37;48.6%;3;22;13.6%;21;59;35.6%;17;23;73.9%;7;2;9;34;5;12;0;44;32;54;-81
;RASTA Vechta;;;;;;;;;;;;;;;;;;;;;;;;;;
78;HERKENHOFF P. (PF);6;132:02:00;61;10;17;58.8%;12;27;44.4%;22;44;50.0%;5;9;55.6%;13;10;23;6;5;8;3;7;13;64;-1
;RASTA Vechta;;;;;;;;;;;;;;;;;;;;;;;;;;
181;LISCHKA B. (PF);15;243:44:00;61;15;35;42.9%;5;14;35.7%;20;49;40.8%;16;20;80.0%;23;7;30;11;4;18;1;35;21;56;-110
;Telekom Baskets Bonn;;;;;;;;;;;;;;;;;;;;;;;;;;
186;DELOW M. (SG);16;181:22:00;60;14;23;60.9%;7;22;31.8%;21;45;46.7%;11;16;68.8%;19;10;29;13;12;7;1;25;11;79;80
;ALBA BERLIN;;;;;;;;;;;;;;;;;;;;;;;;;;
174;ROHWER B. (C);13;104:08:00;59;20;31;64.5%;1;5;20.0%;21;36;58.3%;16;19;84.2%;17;7;24;9;1;7;1;21;16;69;-4
;RASTA Vechta;;;;;;;;;;;;;;;;;;;;;;;;;;
192;PHILIPPS C. (SF);17;220:44:00;59;8;14;57.1%;8;17;47.1%;16;31;51.6%;19;21;90.5%;24;10;34;7;9;12;3;37;23;83;12
;ratiopharm ulm;;;;;;;;;;;;;;;;;;;;;;;;;;
2;SOSA E. (PG);3;77:55:00;58;9;17;52.9%;10;20;50.0%;19;37;51.4%;10;11;90.9%;7;0;7;11;1;8;1;10;12;51;-15
;RASTA Vechta;;;;;;;;;;;;;;;;;;;;;;;;;;
185;HAßFURTHER N. (PG);14;187:04:00;54;10;27;37.0%;9;24;37.5%;19;51;37.3%;7;9;77.8%;0;4;4;22;7;11;0;12;9;42;-92
;s.Oliver Würzburg;;;;;;;;;;;;;;;;;;;;;;;;;;
101;PHILMORE I. (PF);6;109:02:00;52;8;12;66.7%;10;17;58.8%;18;29;62.1%;6;7;85.7%;8;3;11;3;1;7;3;11;5;51;7
;Telekom Baskets Bonn;;;;;;;;;;;;;;;;;;;;;;;;;;
193;CAISIN R. (SG);15;107:16:00;50;2;5;40.0%;14;28;50.0%;16;33;48.5%;4;5;80.0%;5;1;6;4;2;1;0;17;2;43;-3
;HAKRO Merlins Crailsheim;;;;;;;;;;;;;;;;;;;;;;;;;;
202;OGUNSIPE M. (PF);19;189:48:00;49;21;29;72.4%;0;0;0.0%;21;29;72.4%;7;14;50.0%;22;18;40;7;4;12;2;37;16;75;-51
;Hamburg Towers;;;;;;;;;;;;;;;;;;;;;;;;;;
144;GIST J. (PF);7;139:08:00;46;17;29;58.6%;1;1;100.0%;18;30;60.0%;9;14;64.3%;14;9;23;10;4;7;5;18;13;64;8
;FC Bayern München;;;;;;;;;;;;;;;;;;;;;;;;;;
172;VRCIC B. (SG);10;119:44:00;46;13;21;61.9%;6;15;40.0%;19;36;52.8%;2;5;40.0%;10;2;12;1;3;2;0;15;6;40;-36
;FRAPORT SKYLINERS;;;;;;;;;;;;;;;;;;;;;;;;;;
123;TURUDIC B. (PF);6;78:38:00;45;13;18;72.2%;1;2;50.0%;14;20;70.0%;16;20;80.0%;9;8;17;4;6;10;0;14;14;52;-13
;SYNTAINICS MBC;;;;;;;;;;;;;;;;;;;;;;;;;;
124;JONES P. (PF);6;122:47:00;45;14;25;56.0%;3;19;15.8%;17;44;38.6%;8;10;80.0%;28;3;31;7;5;8;2;16;6;53;26
;s.Oliver Würzburg;;;;;;;;;;;;;;;;;;;;;;;;;;
182;AMAIZE R. (SG);11;170:54:00;44;6;10;60.0%;7;20;35.0%;13;30;43.3%;11;15;73.3%;18;5;23;8;15;10;3;27;14;62;94
;FC Bayern München;;;;;;;;;;;;;;;;;;;;;;;;;;
201;OMUVWIE M. (SG);16;164:06:00;44;15;26;57.7%;4;12;33.3%;19;38;50.0%;2;5;40.0%;22;10;32;4;5;6;7;21;7;64;-41
;BG Göttingen;;;;;;;;;;;;;;;;;;;;;;;;;;
75;HOLLOWAY M. (PF);4;77:06:00;42;18;32;56.3%;0;0;0.0%;18;32;56.3%;6;14;42.9%;12;3;15;6;4;15;1;14;10;31;4
;s.Oliver Würzburg;;;;;;;;;;;;;;;;;;;;;;;;;;
197;JOHNSON D. (SF);14;169:45:00;41;5;7;71.4%;9;20;45.0%;14;27;51.9%;4;5;80.0%;18;2;20;7;4;11;0;25;7;47;-69
;NINERS Chemnitz;;;;;;;;;;;;;;;;;;;;;;;;;;
28;LOWERY R. (PG);3;79:36:00;40;9;12;75.0%;3;9;33.3%;12;21;57.1%;13;17;76.5%;5;3;8;17;3;6;0;9;12;49;2
;s.Oliver Würzburg;;;;;;;;;;;;;;;;;;;;;;;;;;
157;SMITH Z. (PF);7;118:52:00;39;17;24;70.8%;0;0;0.0%;17;24;70.8%;5;14;35.7%;9;7;16;1;3;10;6;13;12;39;-46
;s.Oliver Würzburg;;;;;;;;;;;;;;;;;;;;;;;;;;
217;KRAMER D. (C);20;143:16:00;38;13;32;40.6%;1;10;10.0%;14;42;33.3%;9;11;81.8%;13;13;26;9;3;13;2;34;20;35;-60
;BG Göttingen;;;;;;;;;;;;;;;;;;;;;;;;;;
207;SCHOORMANN L. (PG);17;112:45:00;37;6;12;50.0%;5;14;35.7%;11;26;42.3%;10;12;83.3%;3;6;9;3;3;14;0;12;11;21;-35
;FRAPORT SKYLINERS;;;;;;;;;;;;;;;;;;;;;;;;;;
222;JALALPOOR P. (PG);22;229:59:00;37;9;16;56.3%;5;33;15.2%;14;49;28.6%;4;5;80.0%;18;6;24;19;5;12;0;30;15;37;-31
;medi bayreuth;;;;;;;;;;;;;;;;;;;;;;;;;;
220;GRANT S. (SF);21;236:10:00;36;7;21;33.3%;5;20;25.0%;12;41;29.3%;7;11;63.6%;20;10;30;7;4;10;4;35;10;38;17
;FC Bayern München;;;;;;;;;;;;;;;;;;;;;;;;;;
47;MUSHIDI K. (SG);3;56:58:00;35;8;16;50.0%;3;11;27.3%;11;27;40.7%;10;12;83.3%;2;4;6;4;1;3;0;9;7;25;-9
;Basketball Löwen Braunschweig;;;;;;;;;;;;;;;;;;;;;;;;;;
49;MCLEAN J. (C);3;61:14:00;35;5;11;45.5%;1;1;100.0%;6;12;50.0%;22;27;81.5%;14;11;25;3;2;6;2;8;20;50;25
;MHP RIESEN Ludwigsburg;;;;;;;;;;;;;;;;;;;;;;;;;;
219;PATRICK J. (PG);19;154:37:00;35;4;13;30.8%;9;29;31.0%;13;42;31.0%;0;0;0.0%;7;6;13;5;5;4;2;20;2;27;42
;MHP RIESEN Ludwigsburg;;;;;;;;;;;;;;;;;;;;;;;;;;
107;BARBER A. (PG);4;82:25:00;33;9;22;40.9%;4;9;44.4%;13;31;41.9%;3;4;75.0%;7;2;9;13;2;12;0;9;10;26;-7
;SYNTAINICS MBC;;;;;;;;;;;;;;;;;;;;;;;;;;
188;THOMPSON S. (C);9;83:48:00;33;16;22;72.7%;0;0;0.0%;16;22;72.7%;1;3;33.3%;19;12;31;1;3;8;0;13;7;52;25
;Brose Bamberg;;;;;;;;;;;;;;;;;;;;;;;;;;
211;ALBUS J. (SG);16;145:09:00;33;3;6;50.0%;8;16;50.0%;11;22;50.0%;3;3;100.0%;14;1;15;10;5;8;0;26;5;44;-5
;s.Oliver Würzburg;;;;;;;;;;;;;;;;;;;;;;;;;;
224;KRSTANOVIC M. (PG);21;214:47:00;33;10;16;62.5%;3;11;27.3%;13;27;48.2%;4;8;50.0%;12;6;18;20;16;20;3;62;16;52;-6
;SYNTAINICS MBC;;;;;;;;;;;;;;;;;;;;;;;;;;
225;VöLLER M. (PF);20;144:54:00;31;13;26;50.0%;0;1;0.0%;13;27;48.2%;5;9;55.6%;17;16;33;10;4;7;2;21;9;55;-39
;FRAPORT SKYLINERS;;;;;;;;;;;;;;;;;;;;;;;;;;
79;HAMILTON A. (PG);3;67:00:00;30;10;21;47.6%;2;3;66.7%;12;24;50.0%;4;9;44.4%;7;0;7;14;6;4;0;4;6;36;6
;Telekom Baskets Bonn;;;;;;;;;;;;;;;;;;;;;;;;;;
154;BROWN C. (C);5;72:47:00;30;11;27;40.7%;0;0;0.0%;11;27;40.7%;8;11;72.7%;8;10;18;2;0;3;7;9;9;35;-34
;JobStairs GIESSEN 46ers;;;;;;;;;;;;;;;;;;;;;;;;;;
210;BINAPFL K. (SG);14;93:36:00;29;10;20;50.0%;2;4;50.0%;12;24;50.0%;3;7;42.9%;12;9;21;6;3;9;1;11;6;35;-30
;Telekom Baskets Bonn;;;;;;;;;;;;;;;;;;;;;;;;;;
129;TURUDIC B. (PF);4;63:32:00;28;9;13;69.2%;0;2;0.0%;9;15;60.0%;10;12;83.3%;7;4;11;3;2;4;3;9;8;35;-12
;Basketball Löwen Braunschweig;;;;;;;;;;;;;;;;;;;;;;;;;;
204;RICH O. (PG);11;58:04:00;27;5;6;83.3%;2;3;66.7%;7;9;77.8%;11;16;68.8%;4;1;5;0;5;5;0;7;10;25;10
;Hamburg Towers;;;;;;;;;;;;;;;;;;;;;;;;;;
226;ZEEB G. (PG);18;143:23:00;27;7;11;63.6%;3;11;27.3%;10;22;45.5%;4;4;100.0%;3;3;6;14;10;10;0;25;9;35;-15
;Basketball Löwen Braunschweig;;;;;;;;;;;;;;;;;;;;;;;;;;
198;WARREN A. (SG);9;49:13:00;26;1;2;50.0%;6;15;40.0%;7;17;41.2%;6;8;75.0%;3;1;4;2;2;0;1;8;6;23;-1
;MHP RIESEN Ludwigsburg;;;;;;;;;;;;;;;;;;;;;;;;;;
208;NIKIC K. (C);12;97:51:00;26;9;20;45.0%;0;0;0.0%;9;20;45.0%;8;10;80.0%;10;6;16;2;2;7;2;5;10;28;6
;ALBA BERLIN;;;;;;;;;;;;;;;;;;;;;;;;;;
218;MATTHEWS V. (PG);13;178:08:00;24;7;15;46.7%;2;10;20.0%;9;25;36.0%;4;5;80.0%;15;7;22;38;7;19;1;19;16;56;-78
;NINERS Chemnitz;;;;;;;;;;;;;;;;;;;;;;;;;;
203;RADEBAUGH J. (PG);9;73:52:00;23;5;9;55.6%;4;10;40.0%;9;19;47.4%;1;2;50.0%;5;3;8;6;5;5;1;3;2;27;26
;MHP RIESEN Ludwigsburg;;;;;;;;;;;;;;;;;;;;;;;;;;
126;HUDSON J. (SG);3;49:47:00;22;7;16;43.8%;1;2;50.0%;8;18;44.4%;5;6;83.3%;3;3;6;0;3;3;1;12;7;18;-5
;Telekom Baskets Bonn;;;;;;;;;;;;;;;;;;;;;;;;;;
164;WASHINGTON D. (SF);4;99:44:00;21;6;20;30.0%;1;6;16.7%;7;26;26.9%;6;10;60.0%;14;4;18;15;2;7;0;12;8;26;-2
;SYNTAINICS MBC;;;;;;;;;;;;;;;;;;;;;;;;;;
215;KOVACEVIC D. (C);10;47:45:00;20;5;10;50.0%;1;5;20.0%;6;15;40.0%;7;7;100.0%;4;1;5;2;0;0;1;9;5;19;-5
;HAKRO Merlins Crailsheim;;;;;;;;;;;;;;;;;;;;;;;;;;
96;CLARK C. (SF);2;44:38:00;18;5;13;38.5%;1;4;25.0%;6;17;35.3%;5;6;83.3%;11;2;13;1;0;1;0;3;5;19;3
;ratiopharm ulm;;;;;;;;;;;;;;;;;;;;;;;;;;
221;GEORGE J. (SG);10;75:09:00;17;3;3;100.0%;3;9;33.3%;6;12;50.0%;2;4;50.0%;12;1;13;2;2;1;0;11;4;25;8
;FC Bayern München;;;;;;;;;;;;;;;;;;;;;;;;;;
169;BRETZEL N. (C);3;26:38:00;15;7;7;100.0%;0;0;0.0%;7;7;100.0%;1;1;100.0%;3;1;4;1;2;1;1;3;2;22;-6
;ratiopharm ulm;;;;;;;;;;;;;;;;;;;;;;;;;;
209;RUDAN M. (SF);7;41:57:00;15;4;7;57.1%;1;3;33.3%;5;10;50.0%;4;8;50.0%;6;8;14;1;2;3;1;5;5;21;2
;FC Bayern München;;;;;;;;;;;;;;;;;;;;;;;;;;
230;GRüTTNER BACOUL J. (SG);12;87:31:00;15;6;9;66.7%;1;6;16.7%;7;15;46.7%;0;0;0.0%;9;5;14;4;5;8;1;22;2;23;17
;Brose Bamberg;;;;;;;;;;;;;;;;;;;;;;;;;;
200;BöHMER J. (PG);5;39:22:00;14;4;4;100.0%;2;4;50.0%;6;8;75.0%;0;0;0.0%;0;0;0;2;3;3;0;6;2;14;-23
;s.Oliver Würzburg;;;;;;;;;;;;;;;;;;;;;;;;;;
231;FIGGE L. (SG);11;100:21:00;13;3;11;27.3%;0;14;0.0%;3;25;12.0%;7;9;77.8%;3;2;5;5;5;3;1;22;11;2;-47
;NINERS Chemnitz;;;;;;;;;;;;;;;;;;;;;;;;;;
233;HOLLATZ J. (PG);13;58:44:00;13;4;8;50.0%;1;7;14.3%;5;15;33.3%;2;7;28.6%;4;3;7;11;9;10;1;18;7;16;4
;EWE Baskets Oldenburg;;;;;;;;;;;;;;;;;;;;;;;;;;
189;KRäMER D. (SG);3;39:08:00;11;1;4;25.0%;3;10;30.0%;4;14;28.6%;0;0;0.0%;1;2;3;0;1;1;0;10;2;4;6
;FC Bayern München;;;;;;;;;;;;;;;;;;;;;;;;;;
229;DE OLIVEIRA G. (PF);7;39:20:00;10;2;5;40.0%;0;0;0.0%;2;5;40.0%;6;10;60.0%;7;3;10;1;1;2;0;9;6;13;13
;Telekom Baskets Bonn;;;;;;;;;;;;;;;;;;;;;;;;;;
227;BRUHNKE K. (SG);6;31:15:00;9;0;1;0.0%;3;5;60.0%;3;6;50.0%;0;0;0.0%;2;1;3;0;0;1;0;7;1;8;-31
;medi bayreuth;;;;;;;;;;;;;;;;;;;;;;;;;;
205;KRAUSE K. (SG);3;17:34;7;2;2;100.0%;1;2;50.0%;3;4;75.0%;0;0;0.0%;0;0;0;0;0;0;0;4;2;6;11
;ratiopharm ulm;;;;;;;;;;;;;;;;;;;;;;;;;;
206;RICHTER J. (PF);3;28:19:00;7;2;5;40.0%;1;1;100.0%;3;6;50.0%;0;0;0.0%;2;2;4;3;2;1;0;9;0;12;28
;Hamburg Towers;;;;;;;;;;;;;;;;;;;;;;;;;;
213;AGBAKOKO N. (C);3;07:52;6;3;5;60.0%;0;0;0.0%;3;5;60.0%;0;1;0.0%;2;2;4;0;0;1;0;4;2;6;-3
;EWE Baskets Oldenburg;;;;;;;;;;;;;;;;;;;;;;;;;;
234;WENZL N. (PG);6;32:11:00;6;1;3;33.3%;1;2;50.0%;2;5;40.0%;1;2;50.0%;1;0;1;5;2;3;0;3;3;7;-3
;medi bayreuth;;;;;;;;;;;;;;;;;;;;;;;;;;
236;RUOFF A. (SF);6;89:19:00;6;2;6;33.3%;0;8;0.0%;2;14;14.3%;2;2;100.0%;4;4;8;8;3;8;1;12;2;6;-6
;Brose Bamberg;;;;;;;;;;;;;;;;;;;;;;;;;;
239;KRIMMER M. (SF);7;38:01:00;6;3;5;60.0%;0;0;0.0%;3;5;60.0%;0;0;0.0%;3;1;4;1;1;1;1;0;0;10;25
;ratiopharm ulm;;;;;;;;;;;;;;;;;;;;;;;;;;
170;WILLIAMS J. (PF);1;23:58;5;2;5;40.0%;0;0;0.0%;2;5;40.0%;1;1;100.0%;8;2;10;1;1;3;0;2;1;11;-39
;NINERS Chemnitz;;;;;;;;;;;;;;;;;;;;;;;;;;
223;LAZIC V. (PG);3;09:54;5;0;2;0.0%;1;2;50.0%;1;4;25.0%;2;2;100.0%;1;0;1;1;0;0;0;1;1;4;-10
;HAKRO Merlins Crailsheim;;;;;;;;;;;;;;;;;;;;;;;;;;
240;SERIC M. (PF);7;44:30:00;5;1;2;50.0%;1;6;16.7%;2;8;25.0%;0;0;0.0%;2;2;4;1;0;3;0;9;0;1;-13
;Brose Bamberg;;;;;;;;;;;;;;;;;;;;;;;;;;
244;PATRICK J. (PG);12;24:32:00;5;0;6;0.0%;1;5;20.0%;1;11;9.1%;2;4;50.0%;1;0;1;3;1;5;0;2;2;-7;-13
;MHP RIESEN Ludwigsburg;;;;;;;;;;;;;;;;;;;;;;;;;;
183;MILICIC I. (SF);1;12:24;4;2;2;100.0%;0;3;0.0%;2;5;40.0%;0;0;0.0%;1;0;1;0;0;2;0;1;0;0;-7
;ratiopharm ulm;;;;;;;;;;;;;;;;;;;;;;;;;;
214;STANIC F. (PF);2;10:56;4;2;3;66.7%;0;0;0.0%;2;3;66.7%;0;0;0.0%;4;1;5;0;0;2;0;1;1;6;-7
;NINERS Chemnitz;;;;;;;;;;;;;;;;;;;;;;;;;;
235;ONWUEGBUZIE A. (SG);4;13:21;4;0;1;0.0%;1;5;20.0%;1;6;16.7%;1;2;50.0%;0;0;0;0;0;0;0;2;2;-2;-14
;BG Göttingen;;;;;;;;;;;;;;;;;;;;;;;;;;
246;GöTTSCHE J. (C);12;52:24:00;4;1;3;33.3%;0;0;0.0%;1;3;33.3%;2;6;33.3%;6;3;9;1;1;4;1;10;4;6;-7
;Basketball Löwen Braunschweig;;;;;;;;;;;;;;;;;;;;;;;;;;
196;BRASE H. (PF);1;05:54;3;0;0;0.0%;1;1;100.0%;1;1;100.0%;0;0;0.0%;0;0;0;0;0;1;0;3;0;2;-6
;Hamburg Towers;;;;;;;;;;;;;;;;;;;;;;;;;;
228;NADJFEJI N. (SF);2;03:38;3;0;0;0.0%;1;1;100.0%;1;1;100.0%;0;0;0.0%;0;0;0;0;0;0;0;2;0;3;-1
;SYNTAINICS MBC;;;;;;;;;;;;;;;;;;;;;;;;;;
243;PLESCHER M. (SG);6;16:09;3;0;0;0.0%;1;2;50.0%;1;2;50.0%;0;0;0.0%;2;0;2;1;1;0;0;0;0;6;3
;Brose Bamberg;;;;;;;;;;;;;;;;;;;;;;;;;;
212;TURUDIC B. (PF);1;04:38;2;0;0;0.0%;0;0;0.0%;0;0;0.0%;2;2;100.0%;2;0;2;1;1;1;0;1;1;5;-4
;BG Göttingen;;;;;;;;;;;;;;;;;;;;;;;;;;
216;GREGORI B. (PG);1;04:16;2;1;1;100.0%;0;0;0.0%;1;1;100.0%;0;0;0.0%;0;0;0;0;0;1;0;0;0;1;-3
;NINERS Chemnitz;;;;;;;;;;;;;;;;;;;;;;;;;;
232;DIALLO N. (C);2;04:59;2;0;0;0.0%;0;0;0.0%;0;0;0.0%;2;2;100.0%;0;0;0;0;0;0;0;2;1;2;1
;ratiopharm ulm;;;;;;;;;;;;;;;;;;;;;;;;;;
237;SAMARE J. (PF);2;11:28;2;1;4;25.0%;0;0;0.0%;1;4;25.0%;0;0;0.0%;1;3;4;0;0;2;0;4;2;1;-6
;FRAPORT SKYLINERS;;;;;;;;;;;;;;;;;;;;;;;;;;
238;NDI E. (SF);2;11:20;2;1;1;100.0%;0;1;0.0%;1;2;50.0%;0;0;0.0%;0;1;1;1;0;1;0;0;0;2;-11
;s.Oliver Würzburg;;;;;;;;;;;;;;;;;;;;;;;;;;
241;FRIEDERICI V. (PG);3;04:23;2;1;2;50.0%;0;1;0.0%;1;3;33.3%;0;0;0.0%;0;0;0;1;0;0;0;3;0;1;1
;SYNTAINICS MBC;;;;;;;;;;;;;;;;;;;;;;;;;;
242;MASON M. (SF);3;03:32;2;0;0;0.0%;0;0;0.0%;0;0;0.0%;2;2;100.0%;0;1;1;0;0;0;0;0;1;3;-1
;RASTA Vechta;;;;;;;;;;;;;;;;;;;;;;;;;;
245;LUKOSIUS S. (SG);5;25:35:00;2;1;4;25.0%;0;3;0.0%;1;7;14.3%;0;0;0.0%;4;0;4;1;0;2;0;4;3;-1;-3
;Telekom Baskets Bonn;;;;;;;;;;;;;;;;;;;;;;;;;;
247;KOVACEVIC A. (PG);6;08:50;1;0;1;0.0%;0;1;0.0%;0;2;0.0%;1;2;50.0%;0;0;0;2;0;1;0;0;1;-1;-9
;HAKRO Merlins Crailsheim;;;;;;;;;;;;;;;;;;;;;;;;;;
248;LARSON T. (PG);2;33:43:00;0;0;6;0.0%;0;9;0.0%;0;15;0.0%;0;0;0.0%;2;0;2;5;3;6;0;3;2;-11;-27
;Brose Bamberg;;;;;;;;;;;;;;;;;;;;;;;;;;
249;KING A. (SF);2;03:52;0;0;1;0.0%;0;2;0.0%;0;3;0.0%;0;0;0.0%;1;1;2;0;0;0;0;1;0;-1;-7
;FC Bayern München;;;;;;;;;;;;;;;;;;;;;;;;;;
250;BEGUE M. (SG);1;01:21;0;0;0;0.0%;0;0;0.0%;0;0;0.0%;0;0;0.0%;0;0;0;0;0;1;0;0;0;-1;7
;FRAPORT SKYLINERS;;;;;;;;;;;;;;;;;;;;;;;;;;
251;MEREDITH M. (PG);2;02:05;0;0;0;0.0%;0;0;0.0%;0;0;0.0%;0;0;0.0%;0;0;0;1;0;0;0;0;0;1;1
;FRAPORT SKYLINERS;;;;;;;;;;;;;;;;;;;;;;;;;;
252;ONYIA A. (PG);2;01:26;0;0;0;0.0%;0;0;0.0%;0;0;0.0%;0;0;0.0%;0;0;0;0;0;0;0;0;0;0;-4
;FRAPORT SKYLINERS;;;;;;;;;;;;;;;;;;;;;;;;;;
253;WATKINS A. (PG);6;06:24;0;0;0;0.0%;0;0;0.0%;0;0;0.0%;0;0;0.0%;1;0;1;0;0;0;0;1;0;1;-5
;Basketball Löwen Braunschweig;;;;;;;;;;;;;;;;;;;;;;;;;;
254;HAYMOND T. (SF);1;04:52;0;0;0;0.0%;0;0;0.0%;0;0;0.0%;0;0;0.0%;0;0;0;0;0;0;0;1;0;0;0
;Hamburg Towers;;;;;;;;;;;;;;;;;;;;;;;;;;
255;UHLEMANN T. (PF);4;12:19;0;0;1;0.0%;0;5;0.0%;0;6;0.0%;0;0;0.0%;0;0;0;1;0;1;0;1;0;-6;-15
;JobStairs GIESSEN 46ers;;;;;;;;;;;;;;;;;;;;;;;;;;
256;KöPPLE T. (PG);1;01:32;0;0;0;0.0%;0;0;0.0%;0;0;0.0%;0;0;0.0%;0;0;0;1;1;2;0;0;0;0;-4
;JobStairs GIESSEN 46ers;;;;;;;;;;;;;;;;;;;;;;;;;;
257;KRUG J. (PF);1;01:04;0;0;0;0.0%;0;0;0.0%;0;0;0.0%;0;0;0.0%;0;0;0;0;0;0;0;0;0;0;2
;medi bayreuth;;;;;;;;;;;;;;;;;;;;;;;;;;
258;KALU M. (PG);1;01:20;0;0;0;0.0%;0;0;0.0%;0;0;0.0%;0;0;0.0%;0;0;0;0;0;0;0;0;0;0;3
;RASTA Vechta;;;;;;;;;;;;;;;;;;;;;;;;;;
259;BAGGETTE E. (PG);1;02:40;0;0;0;0.0%;0;0;0.0%;0;0;0.0%;0;0;0.0%;0;0;0;0;0;0;0;3;0;0;0
;Brose Bamberg;;;;;;;;;;;;;;;;;;;;;;;;;;
260;STOLL M. (PG);1;03:31;0;0;0;0.0%;0;0;0.0%;0;0;0.0%;0;0;0.0%;1;0;1;1;0;1;0;1;0;1;3
;ratiopharm ulm;;;;;;;;;;;;;;;;;;;;;;;;;;
261;LEWIS J. (PG);1;02:27;0;0;0;0.0%;0;0;0.0%;0;0;0.0%;0;0;0.0%;1;0;1;0;0;0;0;0;1;1;-2
;Telekom Baskets Bonn;;;;;;;;;;;;;;;;;;;;;;;;;;
262;HOPPE L. (SF);1;06:34;0;0;0;0.0%;0;2;0.0%;0;2;0.0%;0;0;0.0%;0;1;1;1;0;1;0;1;0;-1;-5
;NINERS Chemnitz;;;;;;;;;;;;;;;;;;;;;;;;;;
263;ROOSCH S. (PG);1;00:36;0;0;0;0.0%;0;0;0.0%;0;0;0.0%;0;0;0.0%;0;0;0;0;0;0;0;0;0;0;1
;Basketball Löwen Braunschweig;;;;;;;;;;;;;;;;;;;;;;;;;;
